Suomalaisen	O
suklaan	O
valikoima	O
Manilan	O
IKEAssa	O
Suomalaista	O
suklaata	O
ruotsalaisessa	O
kaupassa	O
Filippiineillä.	O
Torille.	O

Mitä	O
nää	O
maksaa	O
siellä?	O
tossa	O
kuvassahan	O
näkyy	O
hintalaput.	O
Esimerkiksi	O
joulukalenteri	O
650	O
Filippiinien	O
pesoa	O
joka	O
tekee	O
forexin	O
mukaan	O
12€	O

Sininen	O
ja	O
valkoinen	O
rasia	O
on	O
fasun	O
verkkokaupassa	O
5,50	O
€	O
ja	O
tuolla	O
paikallisesta	O
valuutasta	O
euroiksi	O
käännettynä	O
7,20	O
€.	O

Eikö	O
tää	O
oo	O
Filippiineillä	O
joku	O
kahden	O
päivän	O
palkka?	O
Varmaan	O
pelkästään	O
suomalaiset	O
turistit	O
ostaa	O
näitä.	O

Manilassa	O
keskimääräinen	O
palkka	O
on	O
jotain	O
tonnin	O
luokkaa	O
euroiksi	O
käännettynä.	O
Onhan	O
se	O
luksustuote	O
tuossa	O
tulotasossa	O
mutta	O
ei	O
se	O
oo	O
paljoo	O
sen	O
pahempi	O
kun	O
jonkun	O
työttömän	O
käynti	O
mäkkärissä	O
hampurilaisaterialla	O
Suomessa	O
tjsp.	O
Maaseutu	O
sitten	O
ihan	O
erikseen	O
sieltä	O
alkaa	O
löytyä	O
porukkaa	O
joiden	O
tulotasolla	O
tämä	O
on	O
jo	O
melko	O
mahdoton	O
ostos.	O

Siistiä	O
mutta	O
miksi	O
ei	O
ihan	O
perus	O
sinistä	O
:*)	O

sille	O
on	O
varmaan	O
joku	O
erillinen	O
pyhättö	O

Tietääkseni	O
se	O
johtuu	O
siitä	O
että	O
Mondelez	O
jatkaa	O
toimintaansa	O
Venäjällä.	O

Ai	O
näinkö?	O

Manilassa	O
voi	O
maniassa	O
saada	O
isolla	O
manilla	O
hyvää	O
namia.	O

Joku	O
on	O
tehnyt	O
työnsä	O
oikein.	O
Tai	O
kaveri	O
/	O
serkku	O
on	O
Ikean	O
sisäänostaja.	O
Eniveis	O
hyvin	O
myyty	O
koska	O
elintarvike	O
ja	O
ekstreme-markkina	O
niinkuin.	O

Tuhottoman	O
kallista	O
paikallisille	O

Turisteja	O
varten	O
nuo	O
onkin	O

Mitä?	O
Ei	O
turistit	O
juuri	O
IKEAssa	O
käy	O
Manilassa.	O

On	O
semmosia	O
turisteja	O
jotka	O
haluaa	O
matkoillakin	O
vaan	O
tuttua	O
ja	O
turvallista.	O
Sitä	O
varten	O
ne	O
mäkkäritkin	O
turistikohteissa	O
on	O
vaikka	O
on	O
liian	O
kalliita	O
paikallisille	O

mikä	O
ihme	O
ajaisi	O
turistin	O
huonekalukauppaan?	O
mäkkärit	O
nyt	O
ymmärrän	O
kun	O
niitä	O
on	O
joka	O
nurkassa	O
ja	O
joskus	O
on	O
vaan	O
väsynyt	O
ja	O
haluaa	O
jotain	O
helposti	O

Ikeahan	O
on	O
myös	O
ravintola	O
lihapullineen	O
kaikkineen	O

Ne	O
ravintolathan	O
on	O
nimenomaan	O
niitä	O
huonekaluasiakkaita	O
varten	O

Mulla	O
on	O
useampi	O
kaveri	O
jotka	O
käy	O
Ikeassa	O
pelkästään	O
syömässä	O

Joo	O
en	O
mä	O
sitä	O
kiistä.	O
Oon	O
itekki	O
joskus	O
käynyt	O
siellä	O
vaan	O
syömässä.	O
Mutta	O
ruokailijat	O
eivät	O
ole	O
asiakasryhmä	O
jota	O
ikea	O
haluaa	O
erikseen	O
houkutella.	O
Ikea	O
on	O
ensisijaisesti	O
huonekalumyymälä	O
kaikki	O
muu	O
on	O
vain	O
tapoja	O
kohottaa	O
brändiä	O
ja	O
pitää	O
huonekaluasiakkaat	O
myymälässä	O
ja	O
sen	O
alueella	O
pidempään.	O
Muutama	O
"vapaamatkustaja"	O
toleroidaan.	O

Joo	O
erikoiselta	O
kuulostaa	O
että	O
1,8	O
miljoonan	O
asukkaan	O
kaupungissa	O
jossa	O
on	O
maailman	O
suurin	O
IKEA	O
ostetaan	O
Fazeria	O
ihan	O
vaan	O
niille	O
turisteille	O
jotka	O
sinne	O
eksyy.	O

Löytyy	O
myös	O
nykyään	O
Etelä-Koreasta.	O
Kummasti	O
kyllä	O
meikkikaupan	O
hyllyiltä.	O
Ja	O
sit	O
Geishaa	O
ja	O
tummaa	O
suklaata	O
oli	O
mut	O
tavallinen	O
sininen	O
uupui	O
joka	O
kans	O
vähän	O
mietitytti.	O

en	O
tiiä	O
mut	O
tavallinen	O
fazerin	O
sininen	O
ei	O
oo	O
maailman	O
mittapuulla	O
kovin	O
kummoista	O
suklaata	O

Ylellä	O
haastateltiin	O
Ville	O
Vedenpäätä	O
(YLE)	O
Euroviisuista 	O

Hän	O
ja	O
toinen	O
haastateltu	O
molemmat	O
sanoivat	O
että	O
Israelin	O
pitäisi	O
jättäytyä	O
pois	O
Euroviisuista	O
Israelin	O
sodan	O
takia.	O
Ville	O
sanoi	O
myös	O
että	O
Malmössä	O
on	O
suuri	O
muslimiväestö	O
ja	O
Euroviisujen	O
järjestäminen	O
tässä	O
tilanteessa	O
voisi	O
olla	O
suuri	O
turvallisuusongelma.	O
Väkivallan	O
uhka	O
näyttäisi	O
tässäkin	O
tapauksessa	O
toimivan.	O

Olisiko	O
siinä	O
vähän	O
peiliin	O
katsottavaa	O
jos	O
Malmön	O
muslimit	O
on	O
ongelma	O

Vaikka	O
olenkin	O
sitä	O
mieltä	O
että	O
Israelin	O
pitäisi	O
jättäytyä	O
pois,	O
niin	O
ei	O
Malmön	O
muslimeilla	O
pitäisi	O
olla	O
asiassa	O
sananvaltaa	O
varsinkaan	O
väkivalla	O
uhalla.	O

Malmön	O
muslimeita	O
pitäisi	O
asiassa	O
kuulla	O
yhtä	O
paljon	O
kuin	O
Port	O
Royalen	O
rastafareja	O

Muslimihyökkäykset,	O
buuaukset,	O
pisteittä	O
jäämiset.	O
Enemmän	O
uhkia	O
kuin	O
mahdollisuuksia.	O
Mutta	O
väliäkö	O
tuolla	O
Israelille,	O
kun	O
on	O
vain	O
joku	O
heidän	O
random	O
laulaja	O
kohteena.	O

random laulaja	O
Israel's	O
biggest	O
talent	O
show	O
'HaKokhav HaBa'	O
('The Next Star')	O
has	O
produced	O
a	O
new	O
champion!	O
Eden	O
Golan	O
has	O
won	O
the	O
chance	O
to	O
represent	O
Israel	O
at	O
the	O
Eurovision	O
Song	O
Contest	O
in	O
Malmö	O
this	O
May.	O

Montako	O
Voice	O
of	O
Finland	O
-voittajaa	O
osaat	O
nimetä?	O
Imo	O
jonkun	O
vastaavan	O
voittaja	O
on	O
edelleen	O
random,	O
kunnes	O
kuunteluluvut	O
toisin	O
todistaa.	O

Mä	O
ottaisin	O
Edenin	O
sanan	O
jokaisessa	O
merkityksessä	O
miljoona	O
kertaa	O
ennemmin	O
kuin	O
Suomen	O
PASKAN	O
Windows95manin	O
:D	O

Jaa	O
jaa	O
ihan	O
kiva.	O
Mut	O
ootko	O
pelottavia	O
modeja	O
nähnyt	O
viimeaikoina?	O
Niitäkin	O
kannattaisi	O
haastatella	O
tästä	O
asiasta	O

Ne	O
öyhöttää	O
jossain	O
muualla	O

Suomi	O
voisi	O
tarjota	O
varusmiehiä	O
avuksi	O
jos	O
viisut	O
ei	O
muuten	O
meinaa	O
onnistua.	O
Pääsis	O
pojat	O
samalla	O
maistaa	O
kanelipullaa	O
aidossa	O
ympäristössä.	O

Suomen	O
poliisi	O
on	O
jo	O
käynyt	O
haistelemassa	O
Ruotsin	O
tunnelmaa	O
jalkapallo-ottelussa:	O
Ruotsalaiskannattajien	O
suhtautuminen	O
poliisiin	O
oli	O
erilaista	O
kuin	O
mihin	O
suomalaispoliisit	O
olivat	O
kotimaassa	O
tottuneet.	O
Sen	O
Sinivuori	O
mainitsee	O
ainoana	O
yllätyksenä.	O
- 	O
Kansalaiset	O
tulevat	O
ihan	O
iholle.	O
Otetaan	O
poliisia	O
olkapäästä	O
kiinni,	O
jos	O
on	O
asiaa.	O
Suomessa	O
pysytään	O
muutaman	O
metrin	O
päässä.	O

Ruotsi	O
nopeasti	O
natoon	O
jotta	O
voi	O
aktivoida	O
artikla	O
vitosen	O
niin	O
saadaan	O
pidettyä	O
euroviisut	O
rauhassa. 	O

Mietin,	O
onko	O
tässä	O
haettu	O
kanelipullalla	O
jotain	O
kiertoilmausta,	O
joten	O
pitihän	O
se	O
googlata.	O
En	O
tiedä	O
sitten	O
pääsinkö	O
yhtään	O
lähemmäs	O
Pyyhekumin	O
sielunelämää:	O

Joo,	O
oikea	O
suomenkielinen	O
ilmaisu	O
on	O
kyllä	O
korvapuusti. 	O

Rasvattomat	O
maidot	O

Energiajuoma	O
/	O
sauna	O
langasta	O
villittyneenä	O
päätin	O
lähteä	O
toisella	O
suhteellisen	O
rajatun	O
yleisön	O
juomalla	O
makustelemaan.	O
Onko	O
muut	O
rasvattoman	O
maidon	O
nauttijat	O
huomanneet,	O
että	O
Valion	O
rasvattomasta	O
maidosta	O
puuttuu	O
"joku".	O
Ihan	O
kuin	O
laktoosia	O
olisi	O
jotenki	O
ehkä	O
vähän	O
poistettu	O
tai	O
jotain	O
vastaavaa.	O
Ostan	O
itse	O
yleensä	O
aina	O
halvinta	O
ja	O
juon	O
myös	O
sitä	O
valion	O
rasvatonta	O
maito	O
arkijuomaa.	O
Valion	O
perus	O
rasvaton	O
on	O
silti	O
mielestäni	O
ainut	O
mistä	O
puuttuu	O
tämä	O
pieni	O
sielu.	O
P.s	O
en	O
pidä	O
rasvan	O
"täyteläisestä"	O
mausta,	O
se	O
ei	O
myöskään	O
"huuhtele"	O
suuta	O
niin	O
hyvin	O
kuin	O
rasvattomat	O
:)	O

Arkimaidosta	O
on	O
otettu	O
protskua	O
juuston	O
tekoon	O
ja	O
plussamaitoon.	O

Taustalla	O
tuote	O
kehitettiin	O
sen	O
jälkeen	O
kun	O
Valio	O
tuomittiin	O
määräävän	O
markkina-aseman	O
väärinkäytöstä,	O
tarkemmin	O
saalistushinnoittelusta	O
ja	O
päätöksessä	O
maidon	O
hinnoittelua	O
rajoitettiin.	O
Mutta	O
maitojuomahan	O
ei	O
ole	O
maitoa,	O
ja	O
poistetusta	O
protskusta	O
saa	O
vielä	O
lisätuottoa.	O
Tämä	O
siis	O
markkinaoikeuden	O
mielestä	O
heidän	O
suurimpia	O
voittojaan. 	O

Omasta	O
mielestä	O
Valion	O
rasvaton	O
arki	O
maitojuoma	O
on	O
jotenkin	O
vetinen.	O
Itse	O
suosin	O
Kotimaista	O
-	O
brändin	O
rasvatonta	O
maitoa.	O

Siitä	O
maitojuomasta	O
onkin	O
vähennetty	O
proteiinia	O
muualla	O
käytettäväksi. 	O

Valion	O
sivujen	O
mukaan	O
rasvattomassa	O
maidossa	O
on	O
per	O
100g	O
enemmän	O
hiilihydraattia	O
(laktoosia)	O
ja	O
proteiinia	O
kuin	O
kevytmaidossa.	O
Tämä	O
on	O
oletettavaa,	O
koska	O
rasvaa	O
poistettaessa	O
kokonaistilavuus	O
vähenee	O
ja	O
tilavuuskonsentraatiot	O
nousevat.	O
Arlan	O
rasvattomassa	O
on	O
yhtä	O
paljon	O
sokeria,	O
mutta	O
hieman	O
enemmän	O
proteiinia.	O
Uskoisin,	O
että	O
vaihtelua	O
on,	O
ja	O
myös	O
vuodenaikaisvaihtelua.	O

Sitä	O
sanottu	O
jo	O
vuosikymmeniä	O
sitten	O
tonkanpesuvedeksi	O
tai	O
kauniimmin	O
kurriksi.	O
Sukulaiset	O
aina	O
naureskeli	O
miten	O
sitä	O
kukaan	O
suostuu	O
juomaan..	O
nykyään	O
kyllä	O
oon	O
vaihtanut	O
parempaan. 	O

Punainen	O
maito	O
on	O
omasta	O
mielestä	O
ainoa	O
oikea	O
ratkaisu	O

Kunnon	O
tavaraa.	O

Ei	O
vaan	O
oikein	O
toimi	O
päivittäisjuomana	O

Tästä	O
voidaan	O
olla	O
montaa	O
mieltä,	O
(täys-)maito	O
pääasiallinen	O
ruoka-	O
ja	O
janojuoma	O
ja	O
toki	O
myös	O
kahviin	O
leipomiseen	O
ym	O
käytän	O
enkä	O
muuhun	O
vaihtaisi	O

Nojoo,	O
toki	O
VOI	O
olla,	O
jos	O
haluaa.	O
Lähinnä	O
mietin	O
terveysnäkökulmaa,	O
minkä	O
tietenkään	O
ei	O
ole	O
pakko	O
olla	O
merkittävä	O
jokaisen	O
elämässä. 	O

Pysyy	O
tälläkin	O
normaalipainossa.	O
Itse	O
en	O
terveysasiaa	O
juuri	O
mieti,	O
maito	O
on	O
enemmänkin	O
elämäntapa.	O
Puoliso	O
on	O
siirtynyt	O
vuosien	O
aikana	O
rasvattomasta	O
"maidosta"	O
ja	O
Keijusta	O
käyttämään	O
vaan	O
täysmaitoo	O
ja	O
voita.	O
Lukenut	O
kasviöljyistä	O
kaikenlaista,	O
ja	O
välttää	O
mieluummin	O
sokeria	O
eikä	O
rasvaa.	O
Ite	O
uskon	O
kohtuuteen	O
kaikessa 	O

Heh	O
juu.	O
Paino	O
on	O
toki	O
tärkeä	O
asia,	O
mutta	O
verisuonet	O
ja	O
sydän	O
myöskin.	O
Kovat	O
rasvat	O
ei	O
kummallekaan	O
tee	O
hyvää. 	O

Tiedetään,	O
näin	O
tällä	O
hetkellä	O
ajatellaan.	O
Puoliso	O
odottaa	O
jo	O
milloin	O
käypä	O
hoito-	O
suositukset	O
muuttuu	O
kiinnittämään	O
enemmän	O
huomiota	O
trigly	O
arvoihin	O
kuin	O
LDL:lään	O
ja	O
välttämään	O
kasviöljyjä.	O
Olen	O
melko	O
skeptinen	O
tämän	O
suhteen	O
ja	O
sujuvasti	O
töissä	O
ohjaan	O
kyllä	O
vallitsevan	O
käsityksen	O
mukaista	O
ruokavaliota.	O
Haaveissa	O
ei	O
ole	O
elää	O
juurikaan	O
yli	O
80v	O
mutta	O
sitäkin	O
mukavammin	O

Hauska	O
puoliso	O
kun	O
odottaa,	O
että	O
suositus	O
siirtyisi	O
lääketieteellisestä	O
konsensuksesta	O

Tutkimustulosten	O
perusteella	O
pitää	O
sitä	O
vaan	O
ajan	O
kysymyksenä	O

Rasvaton	O
maito	O
ja	O
nauttiminen..	O
Kokeileppa	O
juoda	O
ihan	O
vaan	O
vettä,	O
sama	O
asia. 	O

PH	O
arvo	O
lähellä	O
7,	O
hyvä	O
nollausjuoma! 	O

rasvattomassa	O
on	O
joku	O
erittäin	O
outo	O
maku	O
mitä	O
en	O
pysty	O
sietämään	O
joten	O
ostan	O
aina	O
kevytmaitoa	O

Mun	O
mielestä	O
kaikissa	O
rasvasissa	O
maidoissa	O
jää	O
semmonen	O
kalvomainen	O
tunne	O
suuhun. 	O

Tämä.	O
Itse	O
asustelen	O
nykyään	O
Suomen	O
ulkopuolella	O
eikä	O
täältä	O
rasvatonta	O
maitoa	O
saa	O
ja	O
sitä	O
kyllä	O
kaipaan	O
niin	O
paljon.	O
Niin	O
kivan	O
raikas	O
keveällä	O
maulla. 	O

Romantiikka	O
ei	O
ole	O
kuollut	O

Wunderbaum	O
kruunaa	O
tämän	O
taideteoksen	O

Olet	O
oikeassa,	O
jäi	O
itseltä	O
ekaksi	O
huomaamatta!	O

Wunderboy	O

Romantiikka	O
ei	O
ole	O
kuollut,	O
mutta	O
traktorin	O
toinen	O
takavalo	O
kylläkin. 	O

Maalaisromantiikkaa	O

Tietäjät tietää.	O

Maajussille	O
on	O
löytynyt	O
morsian	O

Traktorilla	O
auringonlaskuun.	O
On	O
kyllä	O
söpöä	O
pakko	O
myöntää.	O

Takana	O
30	O
autoa	O
jonossa	O
ja	O
kiire	O
isolle	O
kirkolle	O

Eka	O
asia	O
minkä	O
näin	O
kun	O
avasin	O
redditin.	O
Ja	O
tää	O
sai	O
hyvälle	O
fiilikselle	O

Mukava	O
kuulla!	O

Aih	O
tulee	O
omat	O
muistot	O
mieleen	O
<3	O
t.	O
Pönde	O
E:	O
Missä	O
kuvattu?	O

Pohjanmaan	O
suunnalla…	O

Onko	O
sielläkin	O
rakkautta	O
<3	O

Tango	O
Kauhajoen	O
kasinolla	O
soi	O
Ainakin	O
joskus	O
oli…	O

Nyt	O
tuli	O
koti-ikävä	O
lapsuuden	O
kesämökille.	O
Onnekis	O
pääsen	O
kohta	O
käymään!	O
<3 	O

Melko	O
varma	O
että	O
kyseessä	O
on	O
tämä	O
kohta:	O

Maa-arvailija	O
paikannettu	O

Olen	O
ajanut	O
tuosta	O
ohi	O
aika	O
monta	O
kertaa,	O
niin	O
tuli	O
heti	O
mieleen	O
kuvasta.	O
Peltoa.	O
Kaksi	O
bussipysäkkiä	O
kameran	O
vieressä,	O
pitkä	O
suora	O
missä	O
valot	O
kameran	O
puolella	O
ja	O
lopullisena	O
varmistuksena	O
tuo	O
tiemerkintäkokeilu	O
(kaistamerkinnät	O
keskellä	O
erilaiset). 	O

Oisko	O
Tyrnävällä	O

Älä	O
multa	O
kysy	O
: D,	O
näyttää	O
vähän	O
naantali-lemu	O
asteikolta	O

Ei	O
ole	O
Tyrnävällä 	O

Mulle	O
tulee	O
mieleen,	O
että	O
tän	O
on	O
oltava	O
jossain	O
kärsämäen	O
tienoolla.	O
Muistan	O
ikuisesti	O
miten	O
hämmästynyt	O
olin,	O
kun	O
näin	O
paikalliset	O
mopopojat	O
ajelemassa	O
rinksaa	O
ympäri	O
kylää	O
traktoreilla,	O
tytöt	O
kyydissä	O
ja	O
kova	O
puskuaurojen	O
kokovertailu	O
käynnissä.	O
Sykähdyttävää	O
kulttuuria!	O

Vähän	O
liian	O
söpöä	O
nähtävää	O
karskin	O
ukon	O
perjantai-iltaan.	O

Kevätjuhlan	O
jälkeinen	O
traktoriralli	O
oli	O
kyllä	O
hauskaa	O
nuorena	O

Wunderbaumikin	O
siinä,	O
hieno	O
otos! 	O

Onko	O
05	O
Valmetti?	O
Sellaisella	O
olis	O
komiat	O
äänet.	O

05	O
on	O
kyl	O

Keskiverto	O
Kehä	O
III	O
ulkopuolinen	O
häämatka. 	O

Ah,	O
maalaisromantiikkaa	O
parhaimmillaan,	O
isä	O
ja	O
tytär.	O
tämä	O
oli	O
huono	O
vitsi.	O

Not	O
in	O
alabama	O

Porvoo	O
siis	O

Somehow	O
romantiikka	O
returned.	O

Vähä	O
söpö	O
<3	O

Ei	O
ole,	O
ei.	O
Itsekin	O
olen	O
elävä	O
esimerkki	O
siitä.	O
Joku	O
muu	O
ostaa	O
naiselle	O
kukan;	O
minä	O
ostan	O
kokonaisen	O
pussillisen	O
siemeniä	O
jotta	O
tämä	O
saa	O
kylvää	O
kokonaisen	O
kukkapenkillisen	O
niitä.	O
Kun	O
käymme	O
kaupassa,	O
avaan	O
naiselle	O
aina	O
oven.	O
Liukuovet	O
valokennon	O
eteen	O
käveleminen	O
nimittäin	O
joskus	O
vaatii	O
käden	O
heilautuksen	O
eikä	O
naisella	O
ole	O
kädet	O
vapaana	O
koska	O
kuljettaa	O
kauppakassia	O
ja	O
minun	O
olutlavaani.	O
Ne	O
ovat	O
nämä	O
tällaiset	O
pienet	O
romanttiset	O
eleet	O
jotka	O
pitävät	O
rakkauden	O
roihuvana.	O
Kiehuvalta	O
nainen	O
ainakin	O
näyttää	O
joka	O
kerta	O
kun	O
näin	O
teen.	O


